{
	"name" : "basics",
	"items" : [
		{
			"type" : "Entity",
			"name" : "LevelEntity",
			"position" : "0 0 0",
			"children" : [
				{
					"type" : "Entity",
					"name" : "PongBall",
					"position" : "50 0 0",
					"children" :
					[
					],
					"components" :
					[
						{
							"type" : "Sprite",
							"window" : "Main",
							"texture" : "textures:Paddle",
							"drawOrder" : 1,
							"size" :
							{
								"x" : 15,
								"y" : 50
							}
						},
						{
							"type" : "Sound",
							"name" : "AttackSound",
							"resource" : "textures:SwipeAttack"
						},
						{
							"type" : "GaPong",
							"minLocation" : 50,
							"maxLocation" : 550,
							"xPosition" : 400,
							"minSpeed" : 200,
							"maxSpeed" : 1200,
							"multiplier" : 1.15
						}

					]
				},
				{
					"type" : "Entity",
					"name" : "PlayerPong",
					"position" : "50 0 0",
					"children" :
					[
					],
					"components" :
					[
						{
							"type" : "Text",
							"name" : "Title",
							"position" : "0 -75",
							"colour" : "255 255 255 255",
							"font" : "textures:TitleFont",
							"window" : "Main",
							"layer" : 20,
							"text" : "Jerkbag #1",
							"characterSize" : 16,
							"hAlign" : "left",
							"vAlign" : "bottom"
						},
						{
							"type" : "Sprite",
							"window" : "Main",
							"texture" : "textures:AdultTextures:?",
							"drawOrder" : 1,
							"size" :
							{
								"x" : 30,
								"y" : 100
							}
						},
						{
							"type" : "GaPaddle",
							"isPlayer" : true,
							"movementSpeed" : 150,
							"minLocation" : 50,
							"maxLocation" : 550,
							"xPosition" : 100
						},
						{
							"type" : "GaTextController",
							"stringList" : "textures:ParentalInsults",
							"displayTime" : 2.0
						}
					]
				},
				{
					"type" : "Entity",
					"name" : "EnemyPong",
					"position" : "50 0 0",
					"children" :
					[
					],
					"components" :
					[
						{
							"type" : "Text",
							"name" : "Title",
							"position" : "0 -75 0",
							"colour" : "255 255 255 255",
							"font" : "textures:TitleFont",
							"window" : "Main",
							"layer" : 20,
							"text" : "Jerkbag #2",
							"characterSize" : 16,
							"hAlign" : "right",
							"vAlign" : "bottom"
						},
						{
							"type" : "Sprite",
							"window" : "Main",
							"texture" : "textures:Paddle",
							"drawOrder" : 1,
							"size" :
							{
								"x" : 30,
								"y" : 100
							}
						},
						{
							"type" : "GaPaddle",
							"isPlayer" : true,
							"movementSpeed" : 150,
							"minLocation" : 50,
							"maxLocation" : 550,
							"xPosition" : 700
						},
						{
							"type" : "GaTextController",
							"stringList" : "textures:ParentalInsults",
							"displayTime" : 2.0
						}

					]
				}
			],
			"components" : [
				{
					"type" : "Text",
					"name" : "Title",
					"position" : "400 300 0",
					"colour" : "255 255 255 255",
					"font" : "textures:TitleFont",
					"window" : "Main",
					"layer" : 20,
					"text" : "Heading",
					"characterSize" : 16,
					"hAlign" : "centre",
					"vAlign" : "centre"
				},
				{
					"type" : "GaLevel",
					"left" : 50,
					"right" : 750,
					"top" : 50,
					"bottom" : 550
				},
				{
					"type" : "Music",
					"filename" : "cylinder eight.ogg",
					"autoplay" : false,
					"volume" : 0.5
				},
				{
					"type" : "Vertices",
					"window" : "Main",
					"drawOrder" : 0,
					"primitiveType" : "LinesStrip",
					"vertices" : [
						{
							"position" : "50 50 0",
							"colour" : "255 255 255 255",
							"texCoords" : "0.0 0.0"
						},
						{
							"position" : "750 50 0",
							"colour" : "255 255 255 255",
							"texCoords" : "1.0 0.0"
						},
						{
							"position" : "750 550 0",
							"colour" : "255 255 255 255",
							"texCoords" : "1.0 1.0"
						},
						{
							"position" : "50 550 0",
							"colour" : "255 255 255 255",
							"texCoords" : "0.0 1.0"
						},
						{
							"position" : "50 50 0",
							"colour" : "255 255 255 255",
							"texCoords" : "0.0 0.0"
						}
					
					]
				}
			]
		]
	]
}