{
	"name" : "textures",
	"resources" : [
		{
			"type" : "SoundBuffer",
			"filename" : "Sounds/SwipeAttack.ogg",
			"name" : "SwipeAttack"
		},
		{
			"type" : "Texture",
			"texture" : "player1.png",
			"name" : "Paddle"
		},
		{
			"type" : "Font",
			"fontFile" : "arial.ttf",
			"name" : "TitleFont"
		},
		{
			"type" : "StringList",
			"name" : "ParentalInsults",
			"items" : [
				"I have to work",
				"Got plans with the boyfriend",
				"Got plans with the girlfriend",
				"Got plans with your mum",
				"Got plans with the real dad",
				"Got plans with your dad",
				"I have potatoes to peel",
				"There's a game jam on!",
				"I'll be in prison",
				"I'm travelling... somewhere",
				"I will literally murder the child...",
				"I'll be drunk",
				"I'll be playing CAH",
				"I'm learning a new programming language",
				"I'm hosting a party",
				"I'm hosting your mum",
				"Trying to take over the world",
				"I have chlamydia",
				"Getting tested for Elbow herpes",
				"Working my boss",
				"I'm constipated",
				"I have diarrhea",
				"I'm an anti-vaxxer",
				"I got a pool and no fence",
				"Checking into a mental health facility",
				"Doing your doctor",
				"Playing with my new Neilogd Blow-up doll",
				"Voxel will be over",
				"I'm helping BlackBird change his name",
				"I'm telling people on\nthe internet that they're wrong!",
				"I thought it was your turn",
				"Can't your parents have them?",
				"Can't you get a babysitter?",
				"My father's in hospital\nOr will be anyway...",
				"I don't want to",
				"The house is haunted",
				"I have the exorcist coming this weekend",
				"I fell down",
				"My house burned down",
				"My house is full of peanuts and\nwe both know the kid's allergic",
				"You take the little brat.",
				"They're your favourite.",
				"You're thick as pig shit.",
				"Its not mine",
				"I'm on a cleanse ",
				"It's a steam sale weekend ",
				"It's LudumDare weekend.",
				"I have to kick stupid people from IRC channels",
				"I'm getting tested",
				"I'm finding out if another kid is mine",
				"They keep eating all of my chocolate!",
				"They keep eating all of my cheese!",
				"They drink all of my beer",
				"They drink all of my wine",
				"The always want help with their homework",
				"I'm getting sterilised so I won't have another",
				"I just wanna watch porn all weekend",
				"I'm acting in porn all weekend",
				"I'm directing porn all weekend",
				"Your mum and I are acting in\nporn all weekend. Don't tell her",
				"I'm working with the Illudumati this weekend",
				"I'm helping restore LDTP this weekend",
				"I'm going to war with LDTP this weekend",
				"I will convert that child to LDTO!",
				"I will convert that child to LDTD!"
				
			]
		
		},
		{
			"type" : "ResourceList",
			"name" : "AdultTextures",
			"items" : [
					{
						"type" : "Texture",
						"texture" : "player1.png",
						"name" : "Adult1"
					},
					{
						"type" : "Texture",
						"texture" : "player2.png",
						"name" : "Adult2"
					}
			
			
			]
		
		}
	
	]


}